import time: self [us] | cumulative | imported package
import time:       200 |        200 |   _io
import time:        29 |         29 |   marshal
import time:       227 |        227 |   posix
import time:       284 |        739 | _frozen_importlib_external
import time:        70 |         70 |   time
import time:        97 |        166 | zipimport
import time:        45 |         45 |     _codecs
import time:       285 |        329 |   codecs
import time:       469 |        469 |   encodings.aliases
import time:       490 |       1288 | encodings
import time:       226 |        226 | encodings.utf_8
import time:        82 |         82 | _signal
import time:        52 |         52 |     _abc
import time:       190 |        241 |   abc
import time:       249 |        490 | io
import time:        78 |         78 |       _stat
import time:       138 |        216 |     stat
import time:      1580 |       1580 |     _collections_abc
import time:        91 |         91 |       genericpath
import time:       110 |        201 |     posixpath
import time:       506 |       2500 |   os
import time:        87 |         87 |   _sitebuiltins
import time:       709 |        709 |   _distutils_hack
import time:        90 |         90 |     apport_python_hook
import time:       134 |        223 |   sitecustomize
import time:      1779 |       5296 | site
import time:       186 |        186 |           types
import time:        70 |         70 |             _operator
import time:       262 |        331 |           operator
import time:       101 |        101 |               itertools
import time:       117 |        117 |               keyword
import time:       129 |        129 |               reprlib
import time:        54 |         54 |               _collections
import time:       751 |       1149 |             collections
import time:        53 |         53 |             _functools
import time:       421 |       1621 |           functools
import time:      1060 |       3197 |         enum
import time:        56 |         56 |           _sre
import time:       270 |        270 |             re._constants
import time:       303 |        573 |           re._parser
import time:        79 |         79 |           re._casefix
import time:       297 |       1004 |         re._compiler
import time:       127 |        127 |         copyreg
import time:       387 |       4712 |       re
import time:       109 |       4820 |     fnmatch
import time:       317 |        317 |     warnings
import time:        68 |         68 |     errno
import time:       119 |        119 |       urllib
import time:        96 |         96 |       math
import time:       935 |        935 |       ipaddress
import time:      1051 |       2200 |     urllib.parse
import time:        70 |         70 |       _winapi
import time:        61 |         61 |       nt
import time:        36 |         36 |       nt
import time:        33 |         33 |       nt
import time:        30 |         30 |       nt
import time:        40 |         40 |       nt
import time:        47 |         47 |       nt
import time:       146 |        460 |     ntpath
import time:      1629 |       9492 |   pathlib
import time:       213 |        213 |     collections.abc
import time:       415 |        415 |     contextlib
import time:        36 |         36 |     _typing
import time:      1907 |       2570 |   typing
import time:       113 |        113 |         openbb_core
import time:       119 |        231 |       openbb_core.app
import time:      1825 |       2055 |     openbb_core.app.static
import time:       146 |        146 |           _weakrefset
import time:       332 |        477 |         weakref
import time:       176 |        652 |       copy
import time:       831 |        831 |             _ast
import time:       877 |       1707 |           ast
import time:        42 |         42 |               _opcode
import time:       322 |        363 |             opcode
import time:       662 |       1025 |           dis
import time:       130 |        130 |             importlib
import time:        48 |        177 |           importlib.machinery
import time:       112 |        112 |               token
import time:        33 |         33 |               _tokenize
import time:       660 |        805 |             tokenize
import time:       130 |        934 |           linecache
import time:      1690 |       5532 |         inspect
import time:       503 |       6034 |       dataclasses
import time:        96 |         96 |         _datetime
import time:       144 |        239 |       datetime
import time:        82 |         82 |           starlette
import time:       167 |        167 |             __future__
import time:       182 |        349 |           starlette.status
import time:        91 |         91 |               annotated_doc.main
import time:       124 |        214 |             annotated_doc
import time:        88 |         88 |                 email
import time:       141 |        141 |                 binascii
import time:       118 |        118 |                 quopri
import time:        33 |         33 |                       _bisect
import time:       110 |        143 |                     bisect
import time:        36 |         36 |                     _random
import time:        34 |         34 |                     _sha2
import time:       269 |        480 |                   random
import time:       192 |        192 |                     _socket
import time:        51 |         51 |                       select
import time:       417 |        467 |                     selectors
import time:       117 |        117 |                     array
import time:      1072 |       1846 |                   socket
import time:        59 |         59 |                         _locale
import time:       595 |        654 |                       locale
import time:       592 |       1246 |                     calendar
import time:       208 |       1454 |                   email._parseaddr
import time:        57 |         57 |                           _struct
import time:       106 |        163 |                         struct
import time:       171 |        333 |                       base64
import time:        98 |        430 |                     email.base64mime
import time:        25 |         25 |                         _string
import time:       377 |        402 |                       string
import time:       166 |        567 |                     email.quoprimime
import time:       326 |        326 |                     email.errors
import time:        88 |         88 |                     email.encoders
import time:       885 |       2294 |                   email.charset
import time:       348 |       6420 |                 email.utils
import time:       453 |        453 |                   email.header
import time:       246 |        698 |                 email._policybase
import time:       187 |        187 |                 email._encoded_words
import time:        87 |         87 |                 email.iterators
import time:       515 |       8250 |               email.message
import time:       160 |        160 |                     _json
import time:       232 |        391 |                   json.scanner
import time:       482 |        872 |                 json.decoder
import time:       381 |        381 |                 json.encoder
import time:       204 |       1457 |               json
import time:      1676 |       1676 |                             typing_extensions
import time:       730 |        730 |                             pydantic_core._pydantic_core
import time:       301 |        301 |                                   numbers
import time:       612 |        913 |                                 _decimal
import time:       146 |       1059 |                               decimal
import time:        97 |         97 |                                       concurrent
import time:       677 |        677 |                                             textwrap
import time:       446 |       1123 |                                           traceback
import time:       479 |        479 |                                           threading
import time:        46 |         46 |                                           atexit
import time:      1288 |       2935 |                                         logging
import time:       454 |       3388 |                                       concurrent.futures._base
import time:       172 |       3656 |                                     concurrent.futures
import time:        64 |         64 |                                       _heapq
import time:       156 |        220 |                                     heapq
import time:       967 |        967 |                                       signal
import time:        57 |         57 |                                       fcntl
import time:        67 |         67 |                                       msvcrt
import time:        25 |         25 |                                       _posixsubprocess
import time:       500 |       1615 |                                     subprocess
import time:      1263 |       1263 |                                       _ssl
import time:      2372 |       3635 |                                     ssl
import time:       197 |        197 |                                     asyncio.constants
import time:       114 |        114 |                                     asyncio.coroutines
import time:       122 |        122 |                                         _contextvars
import time:       100 |        221 |                                       contextvars
import time:        98 |         98 |                                       asyncio.format_helpers
import time:       176 |        176 |                                         asyncio.base_futures
import time:       148 |        148 |                                         asyncio.exceptions
import time:        87 |         87 |                                         asyncio.base_tasks
import time:       268 |        678 |                                       _asyncio
import time:       382 |       1377 |                                     asyncio.events
import time:       208 |        208 |                                     asyncio.futures
import time:       124 |        124 |                                     asyncio.protocols
import time:       248 |        248 |                                       asyncio.transports
import time:        80 |         80 |                                       asyncio.log
import time:       529 |        856 |                                     asyncio.sslproto
import time:        71 |         71 |                                         asyncio.mixins
import time:       428 |        499 |                                       asyncio.locks
import time:       306 |        306 |                                         asyncio.timeouts
import time:       627 |        932 |                                       asyncio.tasks
import time:       244 |       1674 |                                     asyncio.staggered
import time:       119 |        119 |                                     asyncio.trsock
import time:      1156 |      14944 |                                   asyncio.base_events
import time:       298 |        298 |                                   asyncio.runners
import time:       257 |        257 |                                   asyncio.queues
import time:       357 |        357 |                                   asyncio.streams
import time:       244 |        244 |                                   asyncio.subprocess
import time:       210 |        210 |                                   asyncio.taskgroups
import time:       150 |        150 |                                   asyncio.threads
import time:       203 |        203 |                                     asyncio.base_subprocess
import time:       419 |        419 |                                     asyncio.selector_events
import time:       788 |       1409 |                                   asyncio.unix_events
import time:       390 |      18255 |                                 asyncio
import time:        34 |      18288 |                               asyncio.coroutines
import time:      6640 |      25985 |                             pydantic_core.core_schema
import time:       490 |      28879 |                           pydantic_core
import time:       104 |      28983 |                         pydantic.version
import time:       241 |      29224 |                       pydantic.warnings
import time:       313 |      29536 |                     pydantic._migration
import time:        97 |         97 |                         typing_inspection
import time:       962 |        962 |                         typing_inspection.typing_objects
import time:       761 |       1820 |                       typing_inspection.introspection
import time:       111 |        111 |                       pydantic._internal
import time:       275 |        275 |                           pydantic._internal._namespace_utils
import time:       343 |        617 |                         pydantic._internal._typing_extra
import time:       214 |        831 |                       pydantic._internal._repr
import time:       346 |       3105 |                     pydantic.errors
import time:       227 |      32867 |                   pydantic
import time:       170 |        170 |                       pydantic._internal._internal_dataclass
import time:       845 |       1015 |                     pydantic.aliases
import time:       721 |        721 |                     pydantic.config
import time:       260 |       1994 |                   pydantic._internal._config
import time:       206 |        206 |                     pydantic._internal._core_utils
import time:       120 |        120 |                       pydantic._internal._import_utils
import time:       825 |        945 |                     pydantic._internal._utils
import time:      2618 |       3767 |                   pydantic._internal._decorators
import time:       367 |        367 |                       pydantic._internal._forward_ref
import time:       336 |        702 |                     pydantic._internal._generics
import time:       117 |        117 |                     pydantic._internal._docs_extraction
import time:       379 |       1198 |                   pydantic._internal._fields
import time:       349 |        349 |                       pydantic.plugin
import time:       232 |        580 |                     pydantic.plugin._schema_validator
import time:       249 |        829 |                   pydantic._internal._mock_val_ser
import time:      1932 |       1932 |                       fractions
import time:        65 |         65 |                           _wmi
import time:       412 |        477 |                         platform
import time:        64 |         64 |                         _uuid
import time:       408 |        947 |                       uuid
import time:       301 |        301 |                           sysconfig
import time:       557 |        557 |                           _sysconfigdata__x86_64-linux-gnu
import time:       391 |       1248 |                         zoneinfo._tzpath
import time:       142 |        142 |                         zoneinfo._common
import time:       181 |        181 |                         _zoneinfo
import time:       171 |       1741 |                       zoneinfo
import time:       391 |        391 |                       pydantic.annotated_handlers
import time:      2758 |       2758 |                       pydantic.functional_validators
import time:       305 |        305 |                         pydantic._internal._core_metadata
import time:       138 |        138 |                         pydantic._internal._schema_generation_shared
import time:      1745 |       2187 |                       pydantic.json_schema
import time:       225 |        225 |                       pydantic._internal._discriminated_union
import time:       223 |        223 |                       pydantic._internal._known_annotated_metadata
import time:       581 |        581 |                       pydantic._internal._schema_gather
import time:      1142 |      12123 |                     pydantic._internal._generate_schema
import time:       132 |        132 |                     pydantic._internal._signature
import time:      1034 |      13288 |                   pydantic._internal._model_construction
import time:       542 |        542 |                     http
import time:       166 |        708 |                   starlette.exceptions
import time:      5938 |       5938 |                     annotated_types
import time:       212 |        212 |                     pydantic._internal._validators
import time:      4436 |       4436 |                     pydantic.types
import time:      1644 |      12229 |                   pydantic.fields
import time:        51 |         51 |                         _csv
import time:       268 |        318 |                       csv
import time:       118 |        118 |                           importlib._abc
import time:       126 |        244 |                         importlib.util
import time:        72 |         72 |                           zlib
import time:       142 |        142 |                             _compression
import time:       213 |        213 |                             _bz2
import time:       253 |        606 |                           bz2
import time:       266 |        266 |                             _lzma
import time:       198 |        464 |                           lzma
import time:       585 |       1726 |                         shutil
import time:        78 |         78 |                           zipfile._path.glob
import time:       323 |        401 |                         zipfile._path
import time:      1303 |       3672 |                       zipfile
import time:        49 |         49 |                           importlib.metadata._functools
import time:       101 |        149 |                         importlib.metadata._text
import time:       215 |        364 |                       importlib.metadata._adapters
import time:       343 |        343 |                       importlib.metadata._meta
import time:       192 |        192 |                       importlib.metadata._collections
import time:        77 |         77 |                       importlib.metadata._itertools
import time:       344 |        344 |                             tempfile
import time:       322 |        322 |                             importlib.resources.abc
import time:       256 |        256 |                             importlib.resources._adapters
import time:       331 |       1252 |                           importlib.resources._common
import time:       144 |        144 |                           importlib.resources._legacy
import time:        99 |       1494 |                         importlib.resources
import time:       247 |       1740 |                       importlib.abc
import time:       979 |       7682 |                     importlib.metadata
import time:       135 |       7817 |                   pydantic.plugin._loader
import time:      9455 |      84147 |                 fastapi.exceptions
import time:        89 |         89 |                   fastapi.openapi
import time:       105 |        105 |                       fastapi.types
import time:       220 |        220 |                         shlex
import time:       120 |        120 |                                 anyio._core
import time:       356 |        475 |                               anyio._core._contextmanagers
import time:       242 |        242 |                                 anyio._core._exceptions
import time:        61 |         61 |                                 sniffio
import time:       189 |        491 |                               anyio._core._eventloop
import time:       314 |        314 |                                     anyio.abc._eventloop
import time:       100 |        100 |                                     anyio.abc._resources
import time:       118 |        118 |                                       anyio._core._typedattr
import time:       223 |        223 |                                         anyio.abc._tasks
import time:       605 |        828 |                                       anyio.abc._streams
import time:       464 |       1409 |                                     anyio.abc._sockets
import time:       118 |        118 |                                     anyio.abc._subprocesses
import time:       127 |        127 |                                     anyio.abc._testing
import time:       714 |        714 |                                       anyio.lowlevel
import time:       275 |        275 |                                       anyio._core._tasks
import time:       109 |        109 |                                       anyio._core._testing
import time:      2409 |       3506 |                                     anyio._core._synchronization
import time:       738 |        738 |                                     anyio.from_thread
import time:       395 |       6703 |                                   anyio.abc
import time:       129 |       6832 |                                 anyio.to_thread
import time:       831 |       7662 |                               anyio._core._fileio
import time:        93 |         93 |                               anyio._core._resources
import time:        71 |         71 |                               anyio._core._signals
import time:       175 |        175 |                                   anyio.streams
import time:      1223 |       1397 |                                 anyio.streams.stapled
import time:      1294 |       1294 |                                 anyio.streams.tls
import time:      1338 |       4028 |                               anyio._core._sockets
import time:      2416 |       2416 |                                 anyio.streams.memory
import time:       172 |       2587 |                               anyio._core._streams
import time:       126 |        126 |                               anyio._core._subprocesses
import time:       339 |        339 |                               anyio._core._tempfile
import time:       432 |      16300 |                             anyio
import time:        13 |      16313 |                           anyio.to_thread
import time:       126 |      16438 |                         starlette.concurrency
import time:       117 |        117 |                         starlette.types
import time:       808 |      17582 |                       starlette.datastructures
import time:       233 |      17920 |                     fastapi._compat.shared
import time:        72 |         72 |                       fastapi.openapi.constants
import time:      1267 |       1339 |                     fastapi._compat.v2
import time:       143 |      19401 |                   fastapi._compat
import time:        97 |         97 |                   fastapi.logger
import time:       125 |        125 |                     email_validator.exceptions
import time:       179 |        179 |                     email_validator.types
import time:        64 |         64 |                       unicodedata
import time:     11680 |      11680 |                         email_validator.rfc_constants
import time:       551 |        551 |                             idna.idnadata
import time:       121 |        121 |                             idna.intranges
import time:       546 |       1217 |                           idna.core
import time:        70 |         70 |                           idna.package_data
import time:       181 |       1467 |                         idna
import time:       301 |      13447 |                       email_validator.syntax
import time:       222 |      13731 |                     email_validator.validate_email
import time:        74 |         74 |                     email_validator.version
import time:       233 |      14340 |                   email_validator
import time:      1012 |       1012 |                     email.feedparser
import time:       179 |       1190 |                   email.parser
import time:     73044 |     108159 |                 fastapi.openapi.models
import time:      1979 |     194284 |               fastapi.params
import time:       304 |        304 |               fastapi.datastructures
import time:        94 |         94 |                 fastapi.dependencies
import time:        73 |         73 |                       fastapi.security.base
import time:      1063 |       1063 |                         http.cookies
import time:       297 |        297 |                         starlette._utils
import time:       133 |        133 |                                 python_multipart.exceptions
import time:       148 |        280 |                               python_multipart.decoders
import time:       836 |       1115 |                             python_multipart.multipart
import time:       133 |       1248 |                           python_multipart
import time:       729 |       1976 |                         starlette.formparsers
import time:       388 |       3722 |                       starlette.requests
import time:       318 |       4112 |                     fastapi.security.api_key
import time:       115 |        115 |                       fastapi.security.utils
import time:       952 |       1066 |                     fastapi.security.http
import time:      1057 |       1057 |                       fastapi.param_functions
import time:       730 |       1786 |                     fastapi.security.oauth2
import time:       140 |        140 |                     fastapi.security.open_id_connect_url
import time:       173 |       7276 |                   fastapi.security
import time:        22 |       7297 |                 fastapi.security.base
import time:      1242 |       8632 |               fastapi.dependencies.models
import time:        93 |         93 |                   starlette.background
import time:       269 |        362 |                 fastapi.background
import time:        93 |         93 |                 fastapi.concurrency
import time:       158 |        158 |                 fastapi.utils
import time:       633 |        633 |                     _hashlib
import time:        49 |         49 |                     _blake2
import time:       222 |        903 |                   hashlib
import time:        63 |         63 |                     _winapi
import time:        50 |         50 |                     winreg
import time:       269 |        381 |                   mimetypes
import time:       125 |        125 |                     hmac
import time:       123 |        247 |                   secrets
import time:       351 |       1881 |                 starlette.responses
import time:       293 |        293 |                 starlette.websockets
import time:      1456 |       4240 |               fastapi.dependencies.utils
import time:       119 |        119 |                   colorsys
import time:       501 |        619 |                 pydantic.color
import time:       327 |        946 |               fastapi.encoders
import time:       101 |        101 |                 starlette._exception_handler
import time:       231 |        231 |                 starlette.convertors
import time:       163 |        163 |                 starlette.middleware
import time:       758 |       1253 |               starlette.routing
import time:      1793 |     221155 |             fastapi.routing
import time:        61 |         61 |               fastapi.websockets
import time:       123 |        184 |             fastapi.exception_handlers
import time:        68 |         68 |               fastapi.middleware
import time:       174 |        242 |             fastapi.middleware.asyncexitstack
import time:       236 |        236 |             fastapi.openapi.docs
import time:       713 |        713 |               http.client
import time:        55 |         55 |                 ujson
import time:        50 |         50 |                 orjson
import time:       145 |        248 |               fastapi.responses
import time:       459 |       1420 |             fastapi.openapi.utils
import time:       250 |        250 |               starlette.middleware.base
import time:       888 |        888 |                   html.entities
import time:       273 |       1161 |                 html
import time:       159 |       1320 |               starlette.middleware.errors
import time:       122 |        122 |               starlette.middleware.exceptions
import time:       242 |       1931 |             starlette.applications
import time:      1384 |     226762 |           fastapi.applications
import time:        84 |         84 |           fastapi.requests
import time:       202 |     227477 |         fastapi
import time:        15 |     227492 |       fastapi.encoders
import time:       207 |        207 |           importlib_metadata._meta
import time:       210 |        210 |           importlib_metadata._collections
import time:        89 |         89 |           importlib_metadata._compat
import time:       104 |        104 |           importlib_metadata._functools
import time:        91 |         91 |           importlib_metadata._itertools
import time:        63 |         63 |           importlib_metadata._typing
import time:        70 |         70 |           importlib_metadata.compat
import time:        94 |         94 |           importlib_metadata.compat.py39
import time:        60 |         60 |           importlib_metadata.compat.py311
import time:      1890 |       2873 |         importlib_metadata
import time:        98 |         98 |             openbb_core.app.model
import time:       114 |        212 |           openbb_core.app.model.abstract
import time:       174 |        385 |         openbb_core.app.model.abstract.singleton
import time:       111 |        111 |         openbb_core.app.model.extension
import time:       380 |       3748 |       openbb_core.app.extension_loader
import time:        97 |         97 |       openbb_core.app.model.abstract.error
import time:       402 |        402 |       openbb_core.app.model.abstract.warning
import time:        54 |         54 |                   openbb_core.provider.abstract
import time:       626 |        626 |                   openbb_core.provider.abstract.annotated_result
import time:        71 |         71 |                     pydantic.alias_generators
import time:       419 |        489 |                   openbb_core.provider.abstract.data
import time:       263 |        263 |                   openbb_core.provider.abstract.query_params
import time:        75 |         75 |                     openbb_core.provider.utils
import time:       643 |        643 |                     difflib
import time:       497 |        497 |                             multidict._abc
import time:       217 |        217 |                               multidict._multidict
import time:       362 |        579 |                             multidict._compat
import time:       151 |       1225 |                           multidict
import time:       359 |       1584 |                         aiohttp.hdrs
import time:        99 |         99 |                               attr._compat
import time:       103 |        103 |                                 attr._config
import time:       351 |        351 |                                   attr.exceptions
import time:       124 |        475 |                                 attr.setters
import time:      2891 |       3469 |                               attr._make
import time:       174 |       3740 |                             attr.converters
import time:        97 |         97 |                             attr.filters
import time:      3061 |       3061 |                             attr.validators
import time:       119 |        119 |                             attr._cmp
import time:       124 |        124 |                             attr._funcs
import time:       155 |        155 |                             attr._next_gen
import time:       457 |        457 |                             attr._version_info
import time:       382 |       8130 |                           attr
import time:       237 |        237 |                                   yarl._quoting_c
import time:        91 |        328 |                                 yarl._quoting
import time:        81 |        408 |                               yarl._quoters
import time:       179 |        587 |                             yarl._query
import time:       110 |        110 |                                 propcache
import time:       203 |        203 |                                   propcache._helpers_c
import time:       105 |        307 |                                 propcache._helpers
import time:       155 |        571 |                               propcache.api
import time:       122 |        122 |                               yarl._parse
import time:        67 |         67 |                               yarl._path
import time:      1007 |       1765 |                             yarl._url
import time:       166 |       2517 |                           yarl
import time:       398 |        398 |                               aiohttp.typedefs
import time:       469 |        867 |                             aiohttp.http_exceptions
import time:       747 |        747 |                                 aiohttp.client_exceptions
import time:       260 |        260 |                                   netrc
import time:      1851 |       1851 |                                       email._header_value_parser
import time:       480 |       2331 |                                     email.headerregistry
import time:       206 |        206 |                                     email.contentmanager
import time:       463 |       2998 |                                   email.policy
import time:       122 |        122 |                                       urllib.response
import time:       938 |       1059 |                                     urllib.error
import time:      1451 |       2510 |                                   urllib.request
import time:       278 |        278 |                                   aiohttp.log
import time:      6031 |      12075 |                                 aiohttp.helpers
import time:       835 |        835 |                                 aiohttp.tcp_helpers
import time:       667 |      14323 |                               aiohttp.base_protocol
import time:       185 |        185 |                                 brotlicffi
import time:        58 |         58 |                                 brotli
import time:        42 |         42 |                                   backports
import time:        11 |         52 |                                 backports.zstd
import time:       583 |        877 |                               aiohttp.compression_utils
import time:      1203 |       1203 |                                   aiohttp._cookie_helpers
import time:       721 |       1923 |                                 aiohttp.abc
import time:       177 |        177 |                                 aiohttp._http_writer
import time:       481 |       2580 |                               aiohttp.http_writer
import time:       650 |        650 |                               aiohttp.streams
import time:       433 |        433 |                               aiohttp._http_parser
import time:      1546 |      20407 |                             aiohttp.http_parser
import time:        67 |         67 |                                 aiohttp._websocket
import time:       643 |        643 |                                 aiohttp._websocket.models
import time:       153 |        153 |                                 aiohttp._websocket.mask
import time:       500 |       1361 |                               aiohttp._websocket.helpers
import time:       284 |        284 |                                 aiohttp._websocket.reader_c
import time:       127 |        410 |                               aiohttp._websocket.reader
import time:       191 |        191 |                               aiohttp._websocket.writer
import time:       150 |       2110 |                             aiohttp.http_websocket
import time:       293 |      23676 |                           aiohttp.http
import time:      1171 |       1171 |                           aiohttp.payload
import time:       969 |        969 |                               aiohttp.multipart
import time:       157 |        157 |                               aiohttp.formdata
import time:      1950 |       3076 |                             aiohttp.client_reqrep
import time:       145 |       3220 |                           aiohttp.client_middlewares
import time:       624 |        624 |                           aiohttp.client_ws
import time:       350 |        350 |                                 aiohappyeyeballs._staggered
import time:       138 |        138 |                                 aiohappyeyeballs.types
import time:       261 |        748 |                               aiohappyeyeballs.impl
import time:       200 |        200 |                               aiohappyeyeballs.utils
import time:       161 |       1108 |                             aiohappyeyeballs
import time:       211 |        211 |                             aiohttp.client_proto
import time:        57 |         57 |                               aiodns
import time:       335 |        392 |                             aiohttp.resolver
import time:     32801 |      34511 |                           aiohttp.connector
import time:       194 |        194 |                               _compat_pickle
import time:       106 |        106 |                               _pickle
import time:       897 |       1196 |                             pickle
import time:       813 |       2009 |                           aiohttp.cookiejar
import time:       818 |        818 |                                 frozenlist._frozenlist
import time:       186 |       1003 |                               frozenlist
import time:       346 |       1348 |                             aiosignal
import time:      6257 |       7605 |                           aiohttp.tracing
import time:      1964 |      85422 |                         aiohttp.client
import time:       728 |        728 |                         aiohttp.client_middleware_digest_auth
import time:       299 |        299 |                         aiohttp.payload_streamer
import time:       288 |      88318 |                       aiohttp
import time:       173 |      88491 |                     openbb_core.provider.utils.client
import time:       122 |        122 |                     openbb_core.provider.utils.errors
import time:       427 |      89756 |                   openbb_core.provider.utils.helpers
import time:      1227 |      92414 |                 openbb_core.provider.abstract.fetcher
import time:       135 |        135 |                 openbb_core.provider.abstract.provider
import time:      1730 |       1730 |                         dotenv.parser
import time:       314 |        314 |                         dotenv.variables
import time:       453 |       2497 |                       dotenv.main
import time:       116 |       2612 |                     dotenv
import time:       137 |        137 |                     openbb_core.app.constants
import time:       162 |       2909 |                   openbb_core.env
import time:       187 |       3096 |                 openbb_core.provider.registry
import time:       179 |      95823 |               openbb_core.provider.query_executor
import time:       195 |        195 |               openbb_core.provider.registry_map
import time:        90 |         90 |               openbb_core.provider.standard_models
import time:        67 |         67 |               openbb_core.provider.utils.descriptions
import time:       129 |      96302 |             openbb_core.provider
import time:        11 |      96313 |           openbb_core.provider.abstract
import time:        31 |      96343 |         openbb_core.provider.abstract.data
import time:      3881 |     100224 |       openbb_core.app.model.metadata
import time:       186 |        186 |             uuid_extensions.uuid7
import time:       103 |        289 |           uuid_extensions
import time:       388 |        676 |         openbb_core.app.model.abstract.tagged
import time:        74 |         74 |           openbb_core.app.model.charts
import time:       726 |        799 |         openbb_core.app.model.charts.chart
import time:      1046 |       2520 |       openbb_core.app.model.obbject
import time:      2416 |       2416 |       openbb_core.app.provider_interface
import time:      1359 |       1359 |         openbb_core.app.model.example
import time:      1552 |       1552 |         openbb_core.app.model.field
import time:       165 |        165 |                     zipp._functools
import time:        65 |         65 |                       zipp.compat
import time:        85 |        150 |                     zipp.compat.py310
import time:        52 |         52 |                       zipp.compat.py313
import time:       115 |        167 |                     zipp.glob
import time:       420 |        900 |                   zipp
import time:        28 |        927 |                 zipp.compat
import time:       114 |       1040 |               zipp.compat.overlay
import time:        76 |         76 |                 importlib_metadata._text
import time:       205 |        280 |               importlib_metadata._adapters
import time:      5075 |       6394 |             openbb_core.app.version
import time:       174 |       6567 |           openbb_core.app.deprecation
import time:       730 |       7297 |         openbb_core.app.router
import time:        75 |         75 |           openbb_core.app.service
import time:      1750 |       1750 |             openbb_core.app.model.api_settings
import time:       744 |        744 |             openbb_core.app.model.python_settings
import time:      2861 |       5354 |           openbb_core.app.model.system_settings
import time:       203 |       5631 |         openbb_core.app.service.system_service
import time:        71 |         71 |           openbb_core.app.static.utils
import time:      1759 |       1829 |         openbb_core.app.static.utils.console
import time:       530 |        530 |         openbb_core.app.static.utils.linters
import time:        67 |         67 |             openbb_charting.charts
import time:       266 |        333 |           openbb_charting.charts.helpers
import time:        57 |         57 |             openbb_charting.core
import time:       320 |        377 |           openbb_charting.core.to_chart
import time:        90 |         90 |             openbb_charting.styles
import time:        92 |        182 |           openbb_charting.styles.colors
import time:     25148 |      26038 |         openbb_charting
import time:        88 |         88 |           openbb_alpha_vantage.models
import time:      2015 |       2015 |           openbb_core.provider.standard_models.equity_historical
import time:      2321 |       4423 |         openbb_alpha_vantage.models.equity_historical
import time:       964 |        964 |           openbb_core.provider.standard_models.historical_eps
import time:      1758 |       2721 |         openbb_alpha_vantage.models.historical_eps
import time:        99 |         99 |           openbb_benzinga.models
import time:      1231 |       1231 |           openbb_core.provider.standard_models.analyst_search
import time:      4715 |       6045 |         openbb_benzinga.models.analyst_search
import time:      1823 |       1823 |           openbb_core.provider.standard_models.company_news
import time:      2853 |       4675 |         openbb_benzinga.models.company_news
import time:      1811 |       1811 |           openbb_core.provider.standard_models.price_target
import time:      3764 |       5574 |         openbb_benzinga.models.price_target
import time:        87 |         87 |                 dateutil._version
import time:       128 |        214 |               dateutil
import time:       828 |        828 |               six
import time:       125 |        125 |               dateutil._common
import time:       628 |       1793 |             dateutil.relativedelta
import time:      2329 |       4121 |           openbb_core.provider.standard_models.world_news
import time:      2833 |       6953 |         openbb_benzinga.models.world_news
import time:        99 |         99 |           openbb_biztoc.models
import time:      1865 |       1963 |         openbb_biztoc.models.world_news
import time:        88 |         88 |           openbb_bls.models
import time:        57 |         57 |             openbb_bls.utils
import time:       255 |        312 |           openbb_bls.utils.constants
import time:       780 |        780 |           openbb_core.provider.standard_models.bls_search
import time:      1602 |       2780 |         openbb_bls.models.search
import time:      1004 |       1004 |           openbb_core.provider.standard_models.bls_series
import time:      2331 |       3335 |         openbb_bls.models.series
import time:        90 |         90 |           openbb_cboe.models
import time:       797 |        797 |           openbb_core.provider.standard_models.available_indices
import time:      1557 |       2443 |         openbb_cboe.models.available_indices
import time:      1720 |       1720 |         openbb_cboe.models.equity_historical
import time:      2968 |       2968 |           openbb_core.provider.standard_models.equity_quote
import time:      3381 |       6348 |         openbb_cboe.models.equity_quote
import time:       763 |        763 |           openbb_core.provider.standard_models.equity_search
import time:       965 |       1727 |         openbb_cboe.models.equity_search
import time:      1073 |       1073 |           openbb_core.provider.standard_models.futures_curve
import time:      1106 |       2179 |         openbb_cboe.models.futures_curve
import time:       758 |        758 |           openbb_core.provider.standard_models.index_constituents
import time:      2653 |       3410 |         openbb_cboe.models.index_constituents
import time:        34 |         34 |                 six.moves
import time:       274 |        274 |                 dateutil.tz._common
import time:       147 |        147 |                 dateutil.tz._factories
import time:        38 |         38 |                   six.moves.winreg
import time:       233 |        270 |                 dateutil.tz.win
import time:       632 |       1355 |               dateutil.tz.tz
import time:       707 |       2061 |             dateutil.parser._parser
import time:       244 |        244 |             dateutil.parser.isoparser
import time:      1774 |       4078 |           openbb_core.provider.standard_models.index_historical
import time:      1708 |       5786 |         openbb_cboe.models.index_historical
import time:       769 |        769 |           openbb_core.provider.standard_models.index_search
import time:      1436 |       2204 |         openbb_cboe.models.index_search
import time:      1295 |       1295 |           openbb_core.provider.standard_models.index_snapshots
import time:      1915 |       3209 |         openbb_cboe.models.index_snapshots
import time:       691 |        691 |             openbb_core.provider.utils.options_chains_properties
import time:      9284 |       9975 |           openbb_core.provider.standard_models.options_chains
import time:      7891 |      17865 |         openbb_cboe.models.options_chains
import time:        92 |         92 |           openbb_cftc.models
import time:      1721 |       1721 |           openbb_core.provider.standard_models.cot
import time:      2160 |       3972 |         openbb_cftc.models.cot
import time:       873 |        873 |           openbb_core.provider.standard_models.cot_search
import time:       960 |       1832 |         openbb_cftc.models.cot_search
import time:        89 |         89 |           openbb_cme.models
import time:        59 |         59 |             openbb_cme.utils
import time:       163 |        222 |           openbb_cme.utils.constants
import time:      1533 |       1843 |         openbb_cme.models.futures_curve
import time:      1170 |       1170 |           openbb_core.provider.standard_models.futures_historical
import time:      1357 |       2527 |         openbb_cme.models.futures_historical
import time:       549 |        549 |           openbb_core.provider.standard_models.futures_info
import time:      1358 |       1906 |         openbb_cme.models.futures_info
import time:       373 |        373 |           openbb_core.provider.standard_models.futures_instruments
import time:      1473 |       1846 |         openbb_cme.models.futures_instruments
import time:        84 |         84 |           openbb_congress_gov.models
import time:      1460 |       1544 |         openbb_congress_gov.models.bill_info
import time:      1013 |       1013 |         openbb_congress_gov.models.bill_text
import time:        89 |         89 |             openbb_congress_gov.utils
import time:       187 |        276 |           openbb_congress_gov.utils.constants
import time:       176 |        176 |           openbb_congress_gov.utils.helpers
import time:      2096 |       2547 |         openbb_congress_gov.models.congress_bills
import time:        89 |         89 |           openbb_deribit.models
import time:        61 |         61 |             openbb_deribit.utils
import time:       975 |        975 |             async_lru
import time:       367 |       1403 |           openbb_deribit.utils.helpers
import time:      1446 |       2937 |         openbb_deribit.models.futures_curve
import time:      1222 |       1222 |         openbb_deribit.models.futures_historical
import time:      2406 |       2406 |         openbb_deribit.models.futures_info
import time:      1798 |       1798 |         openbb_deribit.models.futures_instruments
import time:     12775 |      12775 |         openbb_deribit.models.options_chains
import time:       120 |        120 |           openbb_ecb.models
import time:     13919 |      13919 |           openbb_core.provider.standard_models.balance_of_payments
import time:       122 |        122 |             openbb_ecb.utils
import time:       300 |        422 |           openbb_ecb.utils.bps_series
import time:      7001 |      21461 |         openbb_ecb.models.balance_of_payments
import time:      2677 |       2677 |           openbb_core.provider.standard_models.currency_reference_rates
import time:      1890 |       4567 |         openbb_ecb.models.currency_reference_rates
import time:       952 |        952 |           openbb_core.provider.standard_models.yield_curve
import time:      1447 |       2399 |         openbb_ecb.models.yield_curve
import time:        94 |         94 |           openbb_econdb.models
import time:       935 |        935 |           openbb_core.provider.standard_models.available_indicators
import time:      1613 |       2641 |         openbb_econdb.models.available_indicators
import time:      1781 |       1781 |           openbb_core.provider.standard_models.country_profile
import time:      1925 |       3706 |         openbb_econdb.models.country_profile
import time:      1369 |       1369 |           openbb_core.provider.standard_models.economic_indicators
import time:      2066 |       3435 |         openbb_econdb.models.economic_indicators
import time:       955 |        955 |           openbb_core.provider.standard_models.export_destinations
import time:      1002 |       1957 |         openbb_econdb.models.export_destinations
import time:       874 |        874 |           openbb_core.provider.standard_models.gdp_nominal
import time:      1328 |       2201 |         openbb_econdb.models.gdp_nominal
import time:      1393 |       1393 |         openbb_econdb.models.gdp_real
import time:       948 |        948 |           openbb_core.provider.standard_models.port_volume
import time:      1308 |       2256 |         openbb_econdb.models.port_volume
import time:        73 |         73 |             openbb_econdb.utils
import time:       203 |        276 |           openbb_econdb.utils.yield_curves
import time:      1669 |       1945 |         openbb_econdb.models.yield_curve
import time:        89 |         89 |           openbb_famafrench.models
import time:        55 |         55 |             openbb_famafrench.utils
import time:      1339 |       1393 |           openbb_famafrench.utils.constants
import time:      2575 |       4056 |         openbb_famafrench.models.breakpoints
import time:      2605 |       2605 |         openbb_famafrench.models.country_portfolio_returns
import time:      2489 |       2489 |         openbb_famafrench.models.factors
import time:      2566 |       2566 |         openbb_famafrench.models.international_index_returns
import time:      2248 |       2248 |         openbb_famafrench.models.regional_portfolio_returns
import time:      2233 |       2233 |         openbb_famafrench.models.us_portfolio_returns
import time:        77 |         77 |           openbb_federal_reserve.models
import time:       713 |        713 |           openbb_core.provider.standard_models.central_bank_holdings
import time:      3127 |       3916 |         openbb_federal_reserve.models.central_bank_holdings
import time:      1369 |       1369 |           openbb_core.provider.standard_models.federal_funds_rate
import time:      1838 |       3207 |         openbb_federal_reserve.models.federal_funds_rate
import time:        72 |         72 |             openbb_federal_reserve.utils
import time:       104 |        104 |             openbb_core.provider.utils.lru
import time:       293 |        467 |           openbb_federal_reserve.utils.fomc_documents
import time:      1167 |       1634 |         openbb_federal_reserve.models.fomc_documents
import time:      1108 |       1108 |         openbb_federal_reserve.models.inflation_expectations
import time:      1201 |       1201 |           openbb_core.provider.standard_models.money_measures
import time:      1110 |       2310 |         openbb_federal_reserve.models.money_measures
import time:      1122 |       1122 |           openbb_core.provider.standard_models.overnight_bank_funding_rate
import time:      1349 |       2470 |         openbb_federal_reserve.models.overnight_bank_funding_rate
import time:       819 |        819 |           openbb_core.provider.standard_models.primary_dealer_fails
import time:       146 |        146 |           openbb_federal_reserve.utils.primary_dealer_statistics
import time:      1151 |       2115 |         openbb_federal_reserve.models.primary_dealer_fails
import time:       760 |        760 |           openbb_core.provider.standard_models.primary_dealer_positioning
import time:      1094 |       1853 |         openbb_federal_reserve.models.primary_dealer_positioning
import time:      1306 |       1306 |           openbb_core.provider.standard_models.sofr
import time:      1286 |       2591 |         openbb_federal_reserve.models.sofr
import time:     10185 |      10185 |         openbb_federal_reserve.models.svensson_yield_curve
import time:      5316 |       5316 |         openbb_federal_reserve.models.total_factor_productivity
import time:      1632 |       1632 |           openbb_core.provider.standard_models.treasury_rates
import time:      1510 |       3141 |         openbb_federal_reserve.models.treasury_rates
import time:      1002 |       1002 |         openbb_federal_reserve.models.yield_curve
import time:        69 |         69 |           openbb_finra.models
import time:      1702 |       1702 |           openbb_core.provider.standard_models.equity_short_interest
import time:      1064 |       2834 |         openbb_finra.models.equity_short_interest
import time:       840 |        840 |           openbb_core.provider.standard_models.otc_aggregate
import time:      1077 |       1916 |         openbb_finra.models.otc_aggregate
import time:        85 |         85 |           openbb_finviz.models
import time:       470 |        470 |           openbb_core.provider.standard_models.compare_groups
import time:        80 |         80 |             openbb_finviz.utils
import time:       143 |        222 |           openbb_finviz.utils.definitions
import time:      3043 |       3818 |         openbb_finviz.models.compare_groups
import time:      3061 |       3061 |           openbb_core.provider.standard_models.equity_info
import time:      2962 |       6023 |         openbb_finviz.models.equity_profile
import time:       736 |        736 |           openbb_core.provider.standard_models.equity_screener
import time:       462 |        462 |           openbb_finviz.utils.screener_helper
import time:      6222 |       7419 |         openbb_finviz.models.equity_screener
import time:      1051 |       1051 |           openbb_core.provider.standard_models.key_metrics
import time:      2988 |       4038 |         openbb_finviz.models.key_metrics
import time:      1814 |       1814 |           openbb_core.provider.standard_models.recent_performance
import time:      1903 |       3717 |         openbb_finviz.models.price_performance
import time:      1612 |       1612 |         openbb_finviz.models.price_target
import time:        95 |         95 |           openbb_fmp.models
import time:      2797 |       2797 |           openbb_core.provider.standard_models.analyst_estimates
import time:      2564 |       5456 |         openbb_fmp.models.analyst_estimates
import time:       765 |        765 |         openbb_fmp.models.available_indices
import time:      1028 |       1028 |           openbb_core.provider.standard_models.balance_sheet
import time:        90 |         90 |             openbb_fmp.utils
import time:       592 |        681 |           openbb_fmp.utils.definitions
import time:      4760 |       6469 |         openbb_fmp.models.balance_sheet
import time:       908 |        908 |           openbb_core.provider.standard_models.balance_sheet_growth
import time:      4740 |       5647 |         openbb_fmp.models.balance_sheet_growth
import time:      1157 |       1157 |           openbb_core.provider.standard_models.calendar_dividend
import time:      1530 |       2686 |         openbb_fmp.models.calendar_dividend
import time:      1061 |       1061 |           openbb_core.provider.standard_models.calendar_earnings
import time:      1329 |       2389 |         openbb_fmp.models.calendar_earnings
import time:       737 |        737 |           openbb_core.provider.standard_models.calendar_events
import time:      1251 |       1987 |         openbb_fmp.models.calendar_events
import time:       975 |        975 |           openbb_core.provider.standard_models.calendar_ipo
import time:      1495 |       2469 |         openbb_fmp.models.calendar_ipo
import time:       919 |        919 |           openbb_core.provider.standard_models.calendar_splits
import time:       776 |       1694 |         openbb_fmp.models.calendar_splits
import time:       942 |        942 |           openbb_core.provider.standard_models.cash_flow
import time:      4789 |       5730 |         openbb_fmp.models.cash_flow
import time:       993 |        993 |           openbb_core.provider.standard_models.cash_flow_growth
import time:      3474 |       4466 |         openbb_fmp.models.cash_flow_growth
import time:       927 |        927 |           openbb_core.provider.standard_models.company_filings
import time:      1738 |       2665 |         openbb_fmp.models.company_filings
import time:      1465 |       1465 |         openbb_fmp.models.company_news
import time:      1402 |       1402 |           openbb_core.provider.standard_models.crypto_historical
import time:      1493 |       2894 |         openbb_fmp.models.crypto_historical
import time:       686 |        686 |           openbb_core.provider.standard_models.crypto_search
import time:      1150 |       1835 |         openbb_fmp.models.crypto_search
import time:      1467 |       1467 |           openbb_core.provider.standard_models.currency_historical
import time:      1464 |       2931 |         openbb_fmp.models.currency_historical
import time:       734 |        734 |           openbb_core.provider.standard_models.currency_pairs
import time:      1168 |       1901 |         openbb_fmp.models.currency_pairs
import time:      1440 |       1440 |           openbb_core.provider.standard_models.currency_snapshots
import time:      1880 |       3320 |         openbb_fmp.models.currency_snapshots
import time:      1170 |       1170 |           openbb_core.provider.standard_models.discovery_filings
import time:      1174 |       2343 |         openbb_fmp.models.discovery_filings
import time:      1186 |       1186 |           openbb_core.provider.standard_models.earnings_call_transcript
import time:       992 |       2177 |         openbb_fmp.models.earnings_call_transcript
import time:      1454 |       1454 |           openbb_core.provider.standard_models.economic_calendar
import time:      1471 |       2924 |         openbb_fmp.models.economic_calendar
import time:      1154 |       1154 |           openbb_core.provider.standard_models.equity_performance
import time:      1151 |       2305 |         openbb_fmp.models.equity_gainers
import time:      1531 |       1531 |         openbb_fmp.models.equity_historical
import time:      1102 |       1102 |         openbb_fmp.models.equity_losers
import time:      1133 |       1133 |         openbb_fmp.models.equity_most_active
import time:       917 |        917 |           openbb_core.provider.standard_models.equity_ownership
import time:      3911 |       4828 |         openbb_fmp.models.equity_ownership
import time:       681 |        681 |           openbb_core.provider.standard_models.equity_peers
import time:      1055 |       1736 |         openbb_fmp.models.equity_peers
import time:      3483 |       3483 |         openbb_fmp.models.equity_profile
import time:      2637 |       2637 |         openbb_fmp.models.equity_quote
import time:      1073 |       1073 |           openbb_core.provider.utils.country_utils
import time:      5681 |       5681 |           openbb_core.provider.utils.exchange_utils
import time:      5138 |      11891 |         openbb_fmp.models.equity_screener
import time:      1607 |       1607 |           openbb_core.provider.standard_models.esg_score
import time:      1269 |       2875 |         openbb_fmp.models.esg_score
import time:       879 |        879 |           openbb_core.provider.standard_models.etf_countries
import time:       785 |       1664 |         openbb_fmp.models.etf_countries
import time:      1089 |       1089 |           openbb_core.provider.standard_models.etf_equity_exposure
import time:       974 |       2062 |         openbb_fmp.models.etf_equity_exposure
import time:       784 |        784 |           openbb_core.provider.standard_models.etf_holdings
import time:      1430 |       2214 |         openbb_fmp.models.etf_holdings
import time:      1163 |       1163 |           openbb_core.provider.standard_models.etf_info
import time:      1678 |       2841 |         openbb_fmp.models.etf_info
import time:       801 |        801 |           openbb_core.provider.standard_models.etf_search
import time:      1683 |       2484 |         openbb_fmp.models.etf_search
import time:       858 |        858 |           openbb_core.provider.standard_models.etf_sectors
import time:       953 |       1810 |         openbb_fmp.models.etf_sectors
import time:      1654 |       1654 |           openbb_core.provider.standard_models.executive_compensation
import time:      1582 |       3236 |         openbb_fmp.models.executive_compensation
import time:       991 |        991 |           openbb_core.provider.standard_models.financial_ratios
import time:      5083 |       6073 |         openbb_fmp.models.financial_ratios
import time:      1795 |       1795 |           openbb_core.provider.standard_models.forward_ebitda_estimates
import time:      1942 |       3736 |         openbb_fmp.models.forward_ebitda_estimates
import time:      1499 |       1499 |           openbb_core.provider.standard_models.forward_eps_estimates
import time:      1600 |       3098 |         openbb_fmp.models.forward_eps_estimates
import time:      1533 |       1533 |           openbb_core.provider.standard_models.government_trades
import time:      1694 |       3226 |         openbb_fmp.models.government_trades
import time:      1050 |       1050 |           openbb_core.provider.standard_models.historical_dividends
import time:      1574 |       2624 |         openbb_fmp.models.historical_dividends
import time:      1020 |       1020 |           openbb_core.provider.standard_models.historical_employees
import time:      1266 |       2285 |         openbb_fmp.models.historical_employees
import time:      1223 |       1223 |         openbb_fmp.models.historical_eps
import time:      1057 |       1057 |           openbb_core.provider.standard_models.historical_market_cap
import time:       955 |       2012 |         openbb_fmp.models.historical_market_cap
import time:       855 |        855 |           openbb_core.provider.standard_models.historical_splits
import time:       226 |        226 |           openbb_fmp.utils.helpers
import time:       995 |       2076 |         openbb_fmp.models.historical_splits
import time:      1023 |       1023 |           openbb_core.provider.standard_models.income_statement
import time:      3445 |       4468 |         openbb_fmp.models.income_statement
import time:       908 |        908 |           openbb_core.provider.standard_models.income_statement_growth
import time:      3203 |       4111 |         openbb_fmp.models.income_statement_growth
import time:      1883 |       1883 |         openbb_fmp.models.index_constituents
import time:      1555 |       1555 |         openbb_fmp.models.index_historical
import time:      1930 |       1930 |           openbb_core.provider.standard_models.insider_trading
import time:      2678 |       4607 |         openbb_fmp.models.insider_trading
import time:      1430 |       1430 |           openbb_core.provider.standard_models.institutional_ownership
import time:     28694 |      30124 |         openbb_fmp.models.institutional_ownership
import time:      1490 |       1490 |           openbb_core.provider.standard_models.key_executives
import time:      1291 |       2780 |         openbb_fmp.models.key_executives
import time:      4004 |       4004 |         openbb_fmp.models.key_metrics
import time:      1247 |       1247 |           openbb_core.provider.standard_models.market_snapshots
import time:      2075 |       3322 |         openbb_fmp.models.market_snapshots
import time:      2485 |       2485 |           openbb_core.provider.standard_models.nport_disclosure
import time:      2291 |       4776 |         openbb_fmp.models.nport_disclosure
import time:      1420 |       1420 |         openbb_fmp.models.price_performance
import time:      1693 |       1693 |         openbb_fmp.models.price_target
import time:      1252 |       1252 |           openbb_core.provider.standard_models.price_target_consensus
import time:      1053 |       2304 |         openbb_fmp.models.price_target_consensus
import time:      1182 |       1182 |           openbb_core.provider.standard_models.revenue_business_line
import time:      1071 |       2252 |         openbb_fmp.models.revenue_business_line
import time:      1049 |       1049 |           openbb_core.provider.standard_models.revenue_geographic
import time:      1415 |       2464 |         openbb_fmp.models.revenue_geographic
import time:       934 |        934 |           openbb_core.provider.standard_models.risk_premium
import time:       865 |       1798 |         openbb_fmp.models.risk_premium
import time:      1087 |       1087 |           openbb_core.provider.standard_models.share_statistics
import time:      1262 |       2348 |         openbb_fmp.models.share_statistics
import time:      1401 |       1401 |         openbb_fmp.models.treasury_rates
import time:      1670 |       1670 |         openbb_fmp.models.world_news
import time:       903 |        903 |         openbb_fmp.models.yield_curve
import time:       108 |        108 |           openbb_fred.models
import time:       975 |        975 |           openbb_core.provider.standard_models.ameribor
import time:      1052 |       1052 |             openbb_core.provider.standard_models.fred_series
import time:      1748 |       2800 |           openbb_fred.models.series
import time:      2532 |       6412 |         openbb_fred.models.ameribor
import time:        69 |         69 |             openbb_fred.utils
import time:       465 |        534 |           openbb_fred.utils.fred_helpers
import time:      2676 |       3209 |         openbb_fred.models.balance_of_payments
import time:      1040 |       1040 |           openbb_core.provider.standard_models.bond_indices
import time:      2153 |       3193 |         openbb_fred.models.bond_indices
import time:       943 |        943 |           openbb_core.provider.standard_models.commercial_paper
import time:      1726 |       2668 |         openbb_fred.models.commercial_paper
import time:      1103 |       1103 |           openbb_core.provider.standard_models.commodity_spot_prices
import time:      2219 |       3322 |         openbb_fred.models.commodity_spot_prices
import time:      1098 |       1098 |           openbb_core.provider.standard_models.consumer_price_index
import time:      1513 |       2610 |         openbb_fred.models.consumer_price_index
import time:       747 |        747 |           openbb_core.provider.standard_models.dwpcr_rates
import time:      1018 |       1765 |         openbb_fred.models.dwpcr_rates
import time:      1024 |       1024 |           openbb_core.provider.standard_models.ecb_interest_rates
import time:       922 |       1946 |         openbb_fred.models.ecb_interest_rates
import time:      1362 |       1362 |         openbb_fred.models.economic_calendar
import time:      1243 |       1243 |           openbb_core.provider.standard_models.euro_short_term_rate
import time:      2062 |       3304 |         openbb_fred.models.euro_short_term_rate
import time:      1088 |       1088 |           openbb_core.provider.standard_models.fed_projections
import time:       966 |       2054 |         openbb_fred.models.fed_projections
import time:      2283 |       2283 |         openbb_fred.models.federal_funds_rate
import time:      1198 |       1198 |           openbb_core.provider.standard_models.ffrmc
import time:       999 |       2196 |         openbb_fred.models.ffrmc
import time:       949 |        949 |           openbb_core.provider.standard_models.high_quality_market
import time:      1104 |       2052 |         openbb_fred.models.high_quality_market
import time:       809 |        809 |           openbb_core.provider.standard_models.iorb_rates
import time:       878 |       1686 |         openbb_fred.models.iorb_rates
import time:      1140 |       1140 |           openbb_core.provider.standard_models.manufacturing_outlook_texas
import time:      2183 |       3322 |         openbb_fred.models.manufacturing_outlook_ny
import time:      2125 |       2125 |         openbb_fred.models.manufacturing_outlook_texas
import time:       965 |        965 |           openbb_core.provider.standard_models.mortgage_indices
import time:      2665 |       3630 |         openbb_fred.models.mortgage_indices
import time:       773 |        773 |           openbb_core.provider.standard_models.non_farm_payrolls
import time:      1474 |       2246 |         openbb_fred.models.non_farm_payrolls
import time:      2391 |       2391 |         openbb_fred.models.overnight_bank_funding_rate
import time:       820 |        820 |           openbb_core.provider.standard_models.personal_consumption_expenditures
import time:      1538 |       2357 |         openbb_fred.models.personal_consumption_expenditures
import time:      2296 |       2296 |         openbb_fred.models.regional
import time:      2549 |       2549 |           openbb_core.provider.standard_models.fred_release_table
import time:      2198 |       4746 |         openbb_fred.models.release_table
import time:      1379 |       1379 |           openbb_core.provider.standard_models.retail_prices
import time:      2785 |       4164 |         openbb_fred.models.retail_prices
import time:      2691 |       2691 |           openbb_core.provider.standard_models.fred_search
import time:      3348 |       6039 |         openbb_fred.models.search
import time:      1116 |       1116 |           openbb_core.provider.standard_models.senior_loan_officer_survey
import time:      1904 |       3020 |         openbb_fred.models.senior_loan_officer_survey
import time:      2891 |       2891 |         openbb_fred.models.sofr
import time:       863 |        863 |           openbb_core.provider.standard_models.sonia_rates
import time:      1218 |       2081 |         openbb_fred.models.sonia_rates
import time:      1149 |       1149 |           openbb_core.provider.standard_models.spot
import time:       968 |       2117 |         openbb_fred.models.spot
import time:      1457 |       1457 |           openbb_core.provider.standard_models.survey_of_economic_conditions_chicago
import time:      2028 |       3484 |         openbb_fred.models.survey_of_economic_conditions_chicago
import time:      1055 |       1055 |           openbb_core.provider.standard_models.tbffr
import time:       986 |       2040 |         openbb_fred.models.tbffr
import time:      1049 |       1049 |           openbb_core.provider.standard_models.tips_yields
import time:      1902 |       2951 |         openbb_fred.models.tips_yields
import time:      1015 |       1015 |           openbb_core.provider.standard_models.tmc
import time:      1073 |       2088 |         openbb_fred.models.tmc
import time:      1788 |       1788 |           openbb_core.provider.standard_models.university_of_michigan
import time:      1271 |       3058 |         openbb_fred.models.university_of_michigan
import time:      1153 |       1153 |         openbb_fred.models.yield_curve
import time:       106 |        106 |           openbb_government_us.models
import time:      1143 |       1143 |           openbb_core.provider.standard_models.commodity_psd_data
import time:        89 |         89 |             openbb_government_us.utils
import time:       960 |       1049 |           openbb_government_us.utils.psd_codes
import time:      2535 |       4831 |         openbb_government_us.models.commodity_psd_data
import time:       841 |        841 |           openbb_core.provider.standard_models.commodity_psd_report
import time:      1115 |       1956 |         openbb_government_us.models.commodity_psd_report
import time:      9669 |       9669 |           openbb_core.provider.standard_models.treasury_auctions
import time:      6237 |      15905 |         openbb_government_us.models.treasury_auctions
import time:      1767 |       1767 |           openbb_core.provider.standard_models.treasury_prices
import time:      1714 |       3481 |         openbb_government_us.models.treasury_prices
import time:      1017 |       1017 |           openbb_core.provider.standard_models.weather_bulletin
import time:       961 |       1978 |         openbb_government_us.models.weather_bulletin
import time:       793 |        793 |           openbb_core.provider.standard_models.weather_bulletin_download
import time:       837 |       1629 |         openbb_government_us.models.weather_bulletin_download
import time:       133 |        133 |           openbb_imf.models
import time:      2466 |       2599 |         openbb_imf.models.available_indicators
import time:        83 |         83 |             openbb_imf.utils
import time:       312 |        395 |           openbb_imf.utils.helpers
import time:       404 |        404 |             openbb_imf.utils.metadata
import time:       375 |        779 |           openbb_imf.utils.query_builder
import time:      2924 |       4096 |         openbb_imf.models.consumer_price_index
import time:      1403 |       1403 |           openbb_core.provider.standard_models.direction_of_trade
import time:       146 |        146 |           openbb_imf.utils.dot_helpers
import time:       339 |        339 |           gzip
import time:       607 |        607 |                 urllib3.exceptions
import time:       249 |        249 |                         urllib3.util.timeout
import time:       225 |        474 |                       urllib3.util.connection
import time:       157 |        157 |                         urllib3.util.util
import time:        68 |         68 |                         brotlicffi
import time:        50 |         50 |                         brotli
import time:        50 |         50 |                         backports
import time:       485 |        807 |                       urllib3.util.request
import time:       103 |        103 |                       urllib3.util.response
import time:       354 |        354 |                       urllib3.util.retry
import time:      7408 |       7408 |                         urllib3.util.url
import time:       288 |        288 |                         urllib3.util.ssltransport
import time:       344 |       8039 |                       urllib3.util.ssl_
import time:       113 |        113 |                       urllib3.util.wait
import time:       187 |      10073 |                     urllib3.util
import time:        34 |      10107 |                   urllib3.util.connection
import time:       476 |      10583 |                 urllib3._base_connection
import time:       497 |        497 |                 urllib3._collections
import time:       100 |        100 |                 urllib3._version
import time:       153 |        153 |                     _queue
import time:       219 |        371 |                   queue
import time:       253 |        253 |                       urllib3.fields
import time:       194 |        447 |                     urllib3.filepost
import time:        61 |         61 |                       brotlicffi
import time:        61 |         61 |                       brotli
import time:        86 |         86 |                         urllib3.http2
import time:       178 |        178 |                         urllib3.http2.probe
import time:       110 |        110 |                         urllib3.util.ssl_match_hostname
import time:       569 |        941 |                       urllib3.connection
import time:        64 |         64 |                       backports
import time:       503 |       1629 |                     urllib3.response
import time:       246 |       2322 |                   urllib3._request_methods
import time:        77 |         77 |                   urllib3.util.proxy
import time:       430 |       3199 |                 urllib3.connectionpool
import time:      1084 |       1084 |                 urllib3.poolmanager
import time:       418 |      16486 |               urllib3
import time:       230 |        230 |                       81d243bd2c585b0f4821__mypyc
import time:       962 |        962 |                       charset_normalizer.constant
import time:       134 |        134 |                           _multibytecodec
import time:       376 |        509 |                         charset_normalizer.utils
import time:       278 |        786 |                       charset_normalizer.md
import time:       377 |        377 |                       charset_normalizer.models
import time:       352 |       2706 |                     charset_normalizer.cd
import time:       271 |        271 |                     _codecs_tw
import time:       297 |        297 |                     _codecs_hk
import time:       975 |        975 |                     _codecs_jp
import time:       236 |        236 |                     _codecs_kr
import time:       246 |        246 |                     _codecs_cn
import time:       247 |        247 |                     _codecs_iso2022
import time:     55284 |      60259 |                   charset_normalizer.api
import time:       110 |        110 |                   charset_normalizer.legacy
import time:        63 |         63 |                   charset_normalizer.version
import time:        70 |         70 |                   simplejson
import time:      1932 |       1932 |                   http.cookiejar
import time:       506 |      62937 |                 requests.compat
import time:       457 |      63394 |               requests.exceptions
import time:        77 |         77 |               chardet
import time:       495 |        495 |               requests.packages
import time:        94 |         94 |                     certifi.core
import time:       122 |        215 |                   certifi
import time:        73 |        288 |                 requests.certs
import time:        59 |         59 |                 requests.__version__
import time:       253 |        253 |                 requests._internal_utils
import time:       257 |        257 |                 requests.cookies
import time:       153 |        153 |                 requests.structures
import time:        51 |         51 |                     importlib.resources._itertools
import time:       203 |        253 |                   importlib.resources.readers
import time:       162 |        414 |                 importlib.readers
import time:       569 |       1991 |               requests.utils
import time:       164 |        164 |                     requests.auth
import time:       321 |        321 |                         stringprep
import time:       257 |        578 |                       encodings.idna
import time:        82 |         82 |                       requests.hooks
import time:       269 |        269 |                       requests.status_codes
import time:       335 |       1263 |                     requests.models
import time:        74 |         74 |                       urllib3.contrib
import time:        55 |         55 |                       socks
import time:       182 |        310 |                     urllib3.contrib.socks
import time:       257 |       1992 |                   requests.adapters
import time:       217 |       2208 |                 requests.sessions
import time:       110 |       2318 |               requests.api
import time:       436 |      85193 |             requests
import time:        44 |      85237 |           requests.exceptions
import time:    126741 |     213864 |         openbb_imf.models.direction_of_trade
import time:      3002 |       3002 |         openbb_imf.models.economic_indicators
import time:       568 |        568 |           openbb_core.provider.standard_models.maritime_chokepoint_info
import time:      1532 |       2100 |         openbb_imf.models.maritime_chokepoint_info
import time:       691 |        691 |           openbb_core.provider.standard_models.maritime_chokepoint_volume
import time:       534 |        534 |           openbb_imf.utils.constants
import time:      1958 |       3182 |         openbb_imf.models.maritime_chokepoint_volume
import time:       506 |        506 |           openbb_core.provider.standard_models.port_info
import time:      2388 |       2894 |         openbb_imf.models.port_info
import time:       200 |        200 |           openbb_imf.utils.port_watch_helpers
import time:      2553 |       2753 |         openbb_imf.models.port_volume
import time:        94 |         94 |           openbb_intrinio.models
import time:        62 |         62 |             openbb_intrinio.utils
import time:       198 |        260 |           openbb_intrinio.utils.helpers
import time:      7386 |       7740 |         openbb_intrinio.models.balance_sheet
import time:      2169 |       2169 |           openbb_intrinio.utils.references
import time:      2832 |       5000 |         openbb_intrinio.models.calendar_ipo
import time:      4421 |       4421 |         openbb_intrinio.models.cash_flow
import time:      2518 |       2518 |         openbb_intrinio.models.company_filings
import time:      3038 |       3038 |         openbb_intrinio.models.company_news
import time:       933 |        933 |         openbb_intrinio.models.currency_pairs
import time:      2674 |       2674 |         openbb_intrinio.models.equity_historical
import time:      2182 |       2182 |         openbb_intrinio.models.equity_info
import time:      2844 |       2844 |         openbb_intrinio.models.equity_quote
import time:      1184 |       1184 |         openbb_intrinio.models.equity_search
import time:      1921 |       1921 |         openbb_intrinio.models.etf_holdings
import time:      8216 |       8216 |         openbb_intrinio.models.etf_info
import time:      2499 |       2499 |         openbb_intrinio.models.etf_price_performance
import time:      1473 |       1473 |         openbb_intrinio.models.etf_search
import time:      1327 |       1327 |         openbb_intrinio.models.financial_ratios
import time:      2094 |       2094 |         openbb_intrinio.models.forward_ebitda_estimates
import time:      2355 |       2355 |         openbb_intrinio.models.forward_eps_estimates
import time:      1194 |       1194 |           openbb_core.provider.standard_models.forward_pe_estimates
import time:      1448 |       2641 |         openbb_intrinio.models.forward_pe_estimates
import time:      1932 |       1932 |           openbb_core.provider.standard_models.forward_sales_estimates
import time:      2780 |       4712 |         openbb_intrinio.models.forward_sales_estimates
import time:      1117 |       1117 |         openbb_intrinio.models.fred_series
import time:      1729 |       1729 |           openbb_core.provider.standard_models.historical_attributes
import time:      1385 |       3114 |         openbb_intrinio.models.historical_attributes
import time:      1235 |       1235 |         openbb_intrinio.models.historical_dividends
import time:      1095 |       1095 |         openbb_intrinio.models.historical_market_cap
import time:      6268 |       6268 |         openbb_intrinio.models.income_statement
import time:      1300 |       1300 |         openbb_intrinio.models.index_historical
import time:      3510 |       3510 |         openbb_intrinio.models.insider_trading
import time:      4362 |       4362 |         openbb_intrinio.models.key_metrics
import time:       974 |        974 |           openbb_core.provider.standard_models.latest_attributes
import time:       881 |       1855 |         openbb_intrinio.models.latest_attributes
import time:      2105 |       2105 |         openbb_intrinio.models.market_snapshots
import time:     11281 |      11281 |         openbb_intrinio.models.options_chains
import time:      2776 |       2776 |           openbb_core.provider.standard_models.options_snapshots
import time:      4680 |       7456 |         openbb_intrinio.models.options_snapshots
import time:      1105 |       1105 |           openbb_core.provider.standard_models.options_unusual
import time:       198 |        198 |             pytz.exceptions
import time:       198 |        198 |             pytz.lazy
import time:       195 |        195 |             pytz.tzinfo
import time:       115 |        115 |             pytz.tzfile
import time:       616 |       1321 |           pytz
import time:      2556 |       4980 |         openbb_intrinio.models.options_unusual
import time:      1561 |       1561 |         openbb_intrinio.models.price_target_consensus
import time:      1117 |       1117 |           openbb_core.provider.standard_models.reported_financials
import time:      1185 |       2302 |         openbb_intrinio.models.reported_financials
import time:      1864 |       1864 |           openbb_core.provider.standard_models.search_attributes
import time:      1070 |       2933 |         openbb_intrinio.models.search_attributes
import time:      1166 |       1166 |         openbb_intrinio.models.share_statistics
import time:      2967 |       2967 |         openbb_intrinio.models.world_news
import time:       108 |        108 |           openbb_multpl.models
import time:      1100 |       1100 |           openbb_core.provider.standard_models.sp500_multiples
import time:      1086 |       2293 |         openbb_multpl.models.sp500_multiples
import time:        93 |         93 |           openbb_nasdaq.models
import time:      1442 |       1535 |         openbb_nasdaq.models.calendar_dividend
import time:      1786 |       1786 |         openbb_nasdaq.models.calendar_earnings
import time:      1795 |       1795 |         openbb_nasdaq.models.calendar_ipo
import time:      1753 |       1753 |         openbb_nasdaq.models.company_filings
import time:      1651 |       1651 |         openbb_nasdaq.models.economic_calendar
import time:      2954 |       2954 |         openbb_nasdaq.models.equity_screener
import time:      1509 |       1509 |         openbb_nasdaq.models.equity_search
import time:      1538 |       1538 |         openbb_nasdaq.models.historical_dividends
import time:       752 |        752 |           openbb_core.provider.standard_models.top_retail
import time:       797 |       1548 |         openbb_nasdaq.models.top_retail
import time:        76 |         76 |           openbb_oecd.models
import time:       819 |        819 |           openbb_core.provider.standard_models.composite_leading_indicator
import time:      1427 |       2322 |         openbb_oecd.models.composite_leading_indicator
import time:        54 |         54 |             openbb_oecd.utils
import time:       256 |        309 |           openbb_oecd.utils.constants
import time:      1289 |       1598 |         openbb_oecd.models.consumer_price_index
import time:       928 |        928 |           openbb_core.provider.standard_models.country_interest_rates
import time:      1313 |       2241 |         openbb_oecd.models.country_interest_rates
import time:       805 |        805 |           openbb_core.provider.standard_models.gdp_forecast
import time:      1120 |       1925 |         openbb_oecd.models.gdp_forecast
import time:      1319 |       1319 |         openbb_oecd.models.gdp_nominal
import time:       818 |        818 |           openbb_core.provider.standard_models.gdp_real
import time:      1129 |       1946 |         openbb_oecd.models.gdp_real
import time:      1190 |       1190 |           openbb_core.provider.standard_models.house_price_index
import time:      1073 |       2262 |         openbb_oecd.models.house_price_index
import time:      1645 |       1645 |           openbb_core.provider.standard_models.share_price_index
import time:      1180 |       2825 |         openbb_oecd.models.share_price_index
import time:      1043 |       1043 |           openbb_core.provider.standard_models.unemployment
import time:      1381 |       2423 |         openbb_oecd.models.unemployment
import time:        91 |         91 |           openbb_sec.models
import time:       733 |        733 |           openbb_core.provider.standard_models.cik_map
import time:       822 |       1644 |         openbb_sec.models.cik_map
import time:        70 |         70 |             openbb_sec.utils
import time:       680 |        750 |           openbb_sec.utils.definitions
import time:      2493 |       3243 |         openbb_sec.models.company_filings
import time:      1138 |       1138 |           openbb_core.provider.standard_models.compare_company_facts
import time:      2867 |       4005 |         openbb_sec.models.compare_company_facts
import time:      1114 |       1114 |           openbb_core.provider.standard_models.equity_ftd
import time:      1311 |       2424 |         openbb_sec.models.equity_ftd
import time:       948 |        948 |         openbb_sec.models.equity_search
import time:      1747 |       1747 |           openbb_core.provider.standard_models.form_13FHR
import time:      1742 |       3488 |         openbb_sec.models.form_13FHR
import time:       873 |        873 |         openbb_sec.models.htm_file
import time:      3638 |       3638 |         openbb_sec.models.insider_trading
import time:       947 |        947 |         openbb_sec.models.institutions_search
import time:      1253 |       1253 |           openbb_core.provider.standard_models.latest_financial_reports
import time:      1726 |       2978 |         openbb_sec.models.latest_financial_reports
import time:      1154 |       1154 |           openbb_core.provider.standard_models.management_discussion_analysis
import time:      1553 |       2706 |         openbb_sec.models.management_discussion_analysis
import time:      6071 |       6071 |         openbb_sec.models.nport_disclosure
import time:      1116 |       1116 |         openbb_sec.models.rss_litigation
import time:      2243 |       2243 |         openbb_sec.models.schema_files
import time:      3589 |       3589 |         openbb_sec.models.sec_filing
import time:       982 |        982 |         openbb_sec.models.sic_search
import time:       385 |        385 |           openbb_core.provider.standard_models.symbol_map
import time:       808 |       1192 |         openbb_sec.models.symbol_map
import time:        97 |         97 |           openbb_seeking_alpha.models
import time:        66 |         66 |             openbb_seeking_alpha.utils
import time:       133 |        199 |           openbb_seeking_alpha.utils.helpers
import time:      1812 |       2107 |         openbb_seeking_alpha.models.calendar_earnings
import time:      1978 |       1978 |         openbb_seeking_alpha.models.forward_eps_estimates
import time:      1909 |       1909 |         openbb_seeking_alpha.models.forward_sales_estimates
import time:        75 |         75 |           openbb_stockgrid.models
import time:       955 |        955 |           openbb_core.provider.standard_models.short_volume
import time:      1135 |       2165 |         openbb_stockgrid.models.short_volume
import time:        89 |         89 |           openbb_tiingo.models
import time:      1999 |       2087 |         openbb_tiingo.models.company_news
import time:      1645 |       1645 |         openbb_tiingo.models.crypto_historical
import time:      1446 |       1446 |         openbb_tiingo.models.currency_historical
import time:      1906 |       1906 |         openbb_tiingo.models.equity_historical
import time:       922 |        922 |           openbb_core.provider.standard_models.trailing_dividend_yield
import time:       942 |       1863 |         openbb_tiingo.models.trailing_dividend_yield
import time:      1919 |       1919 |         openbb_tiingo.models.world_news
import time:        97 |         97 |           openbb_tmx.models
import time:      1025 |       1122 |         openbb_tmx.models.available_indices
import time:      1666 |       1666 |           openbb_core.provider.standard_models.bond_reference
import time:      2491 |       4156 |         openbb_tmx.models.bond_prices
import time:      1369 |       1369 |         openbb_tmx.models.calendar_earnings
import time:      1331 |       1331 |         openbb_tmx.models.company_filings
import time:      1455 |       1455 |         openbb_tmx.models.company_news
import time:      1917 |       1917 |         openbb_tmx.models.equity_historical
import time:      2780 |       2780 |         openbb_tmx.models.equity_profile
import time:      6977 |       6977 |         openbb_tmx.models.equity_quote
import time:       957 |        957 |         openbb_tmx.models.equity_search
import time:       923 |        923 |         openbb_tmx.models.etf_countries
import time:      1827 |       1827 |         openbb_tmx.models.etf_holdings
import time:      3141 |       3141 |         openbb_tmx.models.etf_info
import time:      4197 |       4197 |         openbb_tmx.models.etf_search
import time:       966 |        966 |         openbb_tmx.models.etf_sectors
import time:      1575 |       1575 |         openbb_tmx.models.gainers
import time:      1328 |       1328 |         openbb_tmx.models.historical_dividends
import time:       932 |        932 |         openbb_tmx.models.index_constituents
import time:       763 |        763 |           openbb_core.provider.standard_models.index_sectors
import time:       821 |       1583 |         openbb_tmx.models.index_sectors
import time:      2758 |       2758 |         openbb_tmx.models.index_snapshots
import time:      2317 |       2317 |         openbb_tmx.models.insider_trading
import time:      9755 |       9755 |         openbb_tmx.models.options_chains
import time:      1635 |       1635 |         openbb_tmx.models.price_target_consensus
import time:      2159 |       2159 |         openbb_tmx.models.treasury_prices
import time:        92 |         92 |           openbb_tradier.models
import time:        55 |         55 |             openbb_tradier.utils
import time:       130 |        184 |           openbb_tradier.utils.constants
import time:      1576 |       1852 |         openbb_tradier.models.equity_historical
import time:      4561 |       4561 |         openbb_tradier.models.equity_quote
import time:      1126 |       1126 |         openbb_tradier.models.equity_search
import time:      9345 |       9345 |         openbb_tradier.models.options_chains
import time:        79 |         79 |           openbb_tradingeconomics.models
import time:        41 |         41 |             openbb_tradingeconomics.utils
import time:       225 |        265 |           openbb_tradingeconomics.utils.countries
import time:      3199 |       3543 |         openbb_tradingeconomics.models.economic_calendar
import time:        92 |         92 |           openbb_us_eia.models
import time:      1153 |       1153 |           openbb_core.provider.standard_models.petroleum_status_report
import time:        95 |         95 |             openbb_us_eia.utils
import time:       519 |        614 |           openbb_us_eia.utils.constants
import time:      1384 |       3242 |         openbb_us_eia.models.petroleum_status_report
import time:      1098 |       1098 |           openbb_core.provider.standard_models.short_term_energy_outlook
import time:      1259 |       2356 |         openbb_us_eia.models.short_term_energy_outlook
import time:       105 |        105 |           openbb_wsj.models
import time:      1114 |       1114 |           openbb_core.provider.standard_models.etf_performance
import time:      1434 |       2652 |         openbb_wsj.models.active
import time:      1526 |       1526 |         openbb_wsj.models.gainers
import time:      1486 |       1486 |         openbb_wsj.models.losers
import time:        91 |         91 |           openbb_yfinance.models
import time:        60 |         60 |             openbb_yfinance.utils
import time:      2740 |       2799 |           openbb_yfinance.utils.references
import time:      1944 |       4833 |         openbb_yfinance.models.active
import time:      1816 |       1816 |         openbb_yfinance.models.aggressive_small_caps
import time:       921 |        921 |         openbb_yfinance.models.available_indices
import time:      1065 |       1065 |         openbb_yfinance.models.balance_sheet
import time:      1130 |       1130 |         openbb_yfinance.models.cash_flow
import time:      1990 |       1990 |         openbb_yfinance.models.company_news
import time:      1299 |       1299 |         openbb_yfinance.models.crypto_historical
import time:      1163 |       1163 |         openbb_yfinance.models.currency_historical
import time:      1663 |       1663 |         openbb_yfinance.models.equity_historical
import time:      3242 |       3242 |         openbb_yfinance.models.equity_profile
import time:      2454 |       2454 |         openbb_yfinance.models.equity_quote
import time:      2836 |       2836 |         openbb_yfinance.models.equity_screener
import time:      3149 |       3149 |         openbb_yfinance.models.etf_info
import time:       869 |        869 |         openbb_yfinance.models.futures_curve
import time:      1197 |       1197 |         openbb_yfinance.models.futures_historical
import time:      1946 |       1946 |         openbb_yfinance.models.gainers
import time:      1890 |       1890 |         openbb_yfinance.models.growth_tech_equities
import time:       969 |        969 |         openbb_yfinance.models.historical_dividends
import time:      1126 |       1126 |         openbb_yfinance.models.income_statement
import time:      1379 |       1379 |         openbb_yfinance.models.index_historical
import time:      1203 |       1203 |         openbb_yfinance.models.key_executives
import time:      3453 |       3453 |         openbb_yfinance.models.key_metrics
import time:      1923 |       1923 |         openbb_yfinance.models.losers
import time:     11180 |      11180 |         openbb_yfinance.models.options_chains
import time:      2906 |       2906 |         openbb_yfinance.models.price_target_consensus
import time:      2133 |       2133 |         openbb_yfinance.models.share_statistics
import time:      2499 |       2499 |         openbb_yfinance.models.undervalued_growth_equities
import time:      2110 |       2110 |         openbb_yfinance.models.undervalued_large_caps
import time:      4818 |       4818 |             openbb_core.app.model.credentials
import time:       581 |        581 |             openbb_core.app.model.defaults
import time:       843 |        843 |             openbb_core.app.model.preferences
import time:       884 |       7125 |           openbb_core.app.model.user_settings
import time:       724 |       7848 |         openbb_core.app.model.command_context
import time:       153 |        153 |         openbb_core.app.query
import time:        92 |         92 |           openbb_commodity.price
import time:       413 |        413 |                   pydantic.v1.typing
import time:      1203 |       1615 |                 pydantic.v1.errors
import time:      1906 |       1906 |                           Cython.Shadow
import time:       256 |       2161 |                         Cython
import time:        15 |       2176 |                       Cython.Shadow
import time:       140 |       2315 |                     cython
import time:       122 |       2437 |                   pydantic.v1.version
import time:       772 |       3208 |                 pydantic.v1.utils
import time:       516 |       5339 |               pydantic.v1.class_validators
import time:       581 |        581 |               pydantic.v1.config
import time:       389 |        389 |                   pydantic.v1.color
import time:      1216 |       1216 |                       pydantic.v1.datetime_parse
import time:       733 |       1949 |                     pydantic.v1.validators
import time:       960 |       2908 |                   pydantic.v1.networks
import time:      1591 |       1591 |                   pydantic.v1.types
import time:       256 |       5142 |                 pydantic.v1.json
import time:       354 |       5496 |               pydantic.v1.error_wrappers
import time:       875 |        875 |               pydantic.v1.fields
import time:       211 |        211 |                 pydantic.v1.parse
import time:       731 |        731 |                 pydantic.v1.schema
import time:      1123 |       2064 |               pydantic.v1.main
import time:       621 |      14973 |             pydantic.v1.dataclasses
import time:       144 |        144 |             pydantic.v1.annotated_types
import time:       227 |        227 |             pydantic.v1.decorator
import time:       651 |        651 |             pydantic.v1.env_settings
import time:       199 |        199 |             pydantic.v1.tools
import time:       283 |      16474 |           pydantic.v1
import time:      8943 |      25508 |         openbb_commodity.price.price_router
import time:        71 |         71 |           openbb_crypto.price
import time:      3533 |       3604 |         openbb_crypto.price.price_router
import time:        94 |         94 |           openbb_currency.price
import time:      2743 |       2837 |         openbb_currency.price.price_router
import time:        61 |         61 |           openbb_derivatives.futures
import time:      8628 |       8689 |         openbb_derivatives.futures.futures_router
import time:       138 |        138 |           openbb_derivatives.options
import time:     14663 |      14800 |         openbb_derivatives.options.options_router
import time:       775 |        775 |         _strptime
import time:        55 |         55 |           openbb_economy.gdp
import time:      7805 |       7859 |         openbb_economy.gdp.gdp_router
import time:       104 |        104 |           openbb_economy.shipping
import time:      9056 |       9160 |         openbb_economy.shipping.shipping_router
import time:        61 |         61 |           openbb_economy.survey
import time:     20075 |      20136 |         openbb_economy.survey.survey_router
import time:        76 |         76 |           openbb_equity.calendar
import time:     11872 |      11948 |         openbb_equity.calendar.calendar_router
import time:       104 |        104 |           openbb_equity.compare
import time:      7270 |       7374 |         openbb_equity.compare.compare_router
import time:       106 |        106 |           openbb_equity.darkpool
import time:      2625 |       2730 |         openbb_equity.darkpool.darkpool_router
import time:       104 |        104 |           openbb_equity.discovery
import time:     25577 |      25680 |         openbb_equity.discovery.discovery_router
import time:       154 |        154 |           openbb_equity.estimates
import time:     20483 |      20637 |         openbb_equity.estimates.estimates_router
import time:       124 |        124 |           openbb_equity.fundamental
import time:     52611 |      52734 |         openbb_equity.fundamental.fundamental_router
import time:       127 |        127 |           openbb_equity.ownership
import time:     13902 |      14029 |         openbb_equity.ownership.ownership_router
import time:       118 |        118 |           openbb_equity.price
import time:      8033 |       8151 |         openbb_equity.price.price_router
import time:        98 |         98 |           openbb_equity.shorts
import time:      5516 |       5614 |         openbb_equity.shorts.shorts_router
import time:        74 |         74 |           openbb_etf.discovery
import time:      5495 |       5569 |         openbb_etf.discovery.discovery_router
import time:        62 |         62 |           openbb_fixedincome.corporate
import time:     11435 |      11496 |         openbb_fixedincome.corporate.corporate_router
import time:       127 |        127 |           openbb_fixedincome.government
import time:     15562 |      15688 |         openbb_fixedincome.government.government_router
import time:       129 |        129 |           openbb_fixedincome.rate
import time:     23512 |      23640 |         openbb_fixedincome.rate.rate_router
import time:       154 |        154 |           openbb_fixedincome.spreads
import time:      7093 |       7247 |         openbb_fixedincome.spreads.spreads_router
import time:      1996 |       1996 |         openbb_imf.models.indicator_metadata
import time:        65 |         65 |           openbb_index.price
import time:      2836 |       2901 |         openbb_index.price.price_router
import time:      2065 |       2065 |         openbb_quantitative.models
import time:        61 |         61 |           openbb_quantitative.performance
import time:      7680 |       7741 |         openbb_quantitative.performance.performance_router
import time:        66 |         66 |           openbb_quantitative.rolling
import time:     10393 |      10458 |         openbb_quantitative.rolling.rolling_router
import time:        92 |         92 |           openbb_quantitative.stats
import time:      9744 |       9835 |         openbb_quantitative.stats.stats_router
import time:        53 |         53 |           openbb_regulators.cftc
import time:      4302 |       4354 |         openbb_regulators.cftc.cftc_router
import time:       109 |        109 |           openbb_regulators.sec
import time:     16366 |      16475 |         openbb_regulators.sec.sec_router
import time:       229 |        229 |         openbb_core.app.utils
import time:       231 |        231 |         openbb_technical.helpers
import time:      2736 |       2736 |         openbb_technical.relative_rotation
import time:   2883147 |    4516756 |       openbb_core.app.static.package_builder
import time:      1749 |    4862323 |     openbb_core.app.command_runner
import time:      3913 |       3913 |     openbb_core.app.static.container
import time:        78 |         78 |             openbb_core.api
import time:       844 |        922 |           openbb_core.api.router
import time:       801 |       1722 |         openbb_core.api.router.helpers
import time:      1132 |       2853 |       openbb_core.api.router.helpers.coverage_helpers
import time:       931 |        931 |       openbb_core.app.static.reference_loader
import time:      1027 |       4810 |     openbb_core.app.static.coverage
import time:      1169 |    4874269 |   openbb_core.app.static.app_factory
import time:      1929 |       1929 |     openbb.package
import time:      1212 |       3141 |   openbb.package.__extensions__
import time:      1076 |       1076 |   openbb_core.app.service.user_service
import time:        65 |         65 |     openbb_core.app.logs
import time:        63 |         63 |       openbb_core.app.logs.formatters
import time:        58 |         58 |         openbb_core.app.logs.models
import time:        56 |         56 |           openbb_core.app.logs.utils
import time:       839 |        895 |         openbb_core.app.logs.utils.utils
import time:       928 |       1879 |       openbb_core.app.logs.models.logging_settings
import time:       769 |       2711 |     openbb_core.app.logs.formatters.formatter_with_exceptions
import time:        52 |         52 |         openbb_core.app.logs.handlers
import time:       675 |        675 |         logging.handlers
import time:      1116 |       1116 |         openbb_core.app.logs.utils.expired_files
import time:       868 |       2710 |       openbb_core.app.logs.handlers.path_tracking_file_handler
import time:       962 |       3672 |     openbb_core.app.logs.handlers_manager
import time:      1739 |       8185 |   openbb_core.app.logs.logging_service
import time:     59132 |    4957863 | openbb
